batch_id,truth,truth_type,call_id,fund_id,notice_format,synthetic
C01,clean,,FUND-06-EVT00113-LP-002,FUND-06,formal_pdf_style,phase2
C02,clean,,FUND-08-EVT00004-LP-019,FUND-08,casual_bullet_email,phase2
C03,clean,,FUND-10-EVT00137-LP-006,FUND-10,fund_admin_email,phase2
C04,clean,,FUND-03-EVT00054-LP-012,FUND-03,messy_gp_email,phase2
C05,clean,,FUND-07-EVT00039-LP-008,FUND-07,formal_pdf_style,phase2
C06,clean,,FUND-02-EVT00134-LP-002,FUND-02,casual_bullet_email,phase2
C07,clean,,FUND-01-EVT00081-LP-023,FUND-01,fund_admin_email,phase2
C08,clean,,FUND-06-EVT00094-LP-020,FUND-06,messy_gp_email,phase2
C09,clean,,FUND-08-EVT00113-LP-025,FUND-08,formal_pdf_style,phase2
C10,clean,,FUND-03-EVT00030-LP-016,FUND-03,casual_bullet_email,phase2
C11,clean,,FUND-09-EVT00022-LP-003,FUND-09,fund_admin_email,phase2
C12,clean,,FUND-04-EVT00067-LP-010,FUND-04,messy_gp_email,phase2
C13,clean,,FUND-04-EVT00029-LP-010,FUND-04,formal_pdf_style,phase2
C14,clean,,FUND-08-EVT00140-LP-007,FUND-08,casual_bullet_email,phase2
C15,clean,,FUND-02-EVT00004-LP-009,FUND-02,fund_admin_email,phase2
F01,fraud,altered_routing_digit,FUND-05-EVT00066-LP-004,FUND-05,formal_pdf_style,phase2
F02,fraud,altered_routing_digit,FUND-04-EVT00110-LP-005,FUND-04,messy_gp_email,phase2
F03,fraud,altered_routing_digit,FUND-03-EVT00125-LP-013,FUND-03,casual_bullet_email,phase2
F04,fraud,wrong_bank_valid_checksum,FUND-01-EVT00088-LP-007,FUND-01,casual_bullet_email,phase2
F05,fraud,wrong_bank_valid_checksum,FUND-01-EVT00039-LP-022,FUND-01,fund_admin_email,phase2
F06,fraud,wrong_bank_valid_checksum,FUND-10-EVT00131-LP-017,FUND-10,casual_bullet_email,phase2
F07,fraud,misspelled_entity_name,FUND-05-EVT00095-LP-011,FUND-05,casual_bullet_email,phase2
F08,fraud,misspelled_entity_name,FUND-10-EVT00135-LP-011,FUND-10,casual_bullet_email,phase2
F09,fraud,misspelled_entity_name,FUND-03-EVT00131-LP-012,FUND-03,formal_pdf_style,phase2
F10,fraud,spoofed_sender_domain,FUND-08-EVT00132-LP-016,FUND-08,casual_bullet_email,phase2
F11,fraud,spoofed_sender_domain,FUND-07-EVT00049-LP-019,FUND-07,messy_gp_email,phase2
F12,fraud,spoofed_sender_domain,FUND-02-EVT00118-LP-014,FUND-02,messy_gp_email,phase2
F13,fraud,last_minute_bank_change,FUND-06-EVT00038-LP-012,FUND-06,fund_admin_email,phase2
F14,fraud,last_minute_bank_change,FUND-06-EVT00048-LP-010,FUND-06,casual_bullet_email,phase2
F15,fraud,last_minute_bank_change,FUND-07-EVT00111-LP-004,FUND-07,casual_bullet_email,phase2
F16,fraud,combined_domain_entity,FUND-07-EVT00090-LP-017-COMBO,FUND-07,fund_admin_email,derived_combined
F17,fraud,combined_domain_entity,FUND-03-EVT00080-LP-020-COMBO,FUND-03,formal_pdf_style,derived_combined
F18,fraud,combined_domain_entity,FUND-07-EVT00058-LP-002-COMBO,FUND-07,fund_admin_email,derived_combined
